app_name,sentiment
Dota 2,0.5938510005002501
Warframe,0.3598560411956795
Path of Exile,0.29207438473129077
Team Fortress 2,0.2737480301129235
Lost Ark,0.23134153074027602
Destiny 2,0.16281045488816287
PUBG: BATTLEGROUNDS,0.13884905944319037
Counter-Strike 2,0.12668991723100076
Apex Legends,0.09537080200501252
