cluster,author_playtime_at_review_h,sentiment,monetization_flag
0,3447.3426347009395,0.19184893722194762,0.0
1,310.9819123123123,-0.21170895855855856,0.0
2,337.8002824551874,0.6052517381857686,0.0
3,8856.101078869047,0.22522254464285713,0.03794642857142857
4,827.5304263565891,0.33582173524150266,1.0
