app_name,monetization_flag
Lost Ark,0.08883312421580929
Warframe,0.045968349660889224
Destiny 2,0.03543603920583061
Apex Legends,0.03182957393483709
Path of Exile,0.02862882973380211
PUBG: BATTLEGROUNDS,0.024830699774266364
Counter-Strike 2,0.01580135440180587
Team Fortress 2,0.013048933500627352
Dota 2,0.0005002501250625312
