,fold,accuracy,f1,roc_auc
0,1,0.8115679442508711,0.6053706946876825,0.8403013848415846
1,2,0.8177003484320557,0.6130177514792899,0.8381068700669332
2,3,0.8298257839721255,0.6318962918299669,0.8567688713860698
3,4,0.8232752613240418,0.6180722891566265,0.8454175036166647
4,5,0.8261778645107332,0.6233766233766234,0.8521695210690425
